{
    "Beryllium": {
        "DiffuseAlbedo": [
            1.0,
            1.0,
            0.0,
            1.0
        ],
        "FresnelR0": [
            0.009999999776482582,
            0.009999999776482582,
            0.009999999776482582
        ],
        "Roughness": 0.25
    },
    "Boron": {
        "DiffuseAlbedo": [
            0.0,
            0.0,
            1.0,
            1.0
        ],
        "FresnelR0": [
            0.009999999776482582,
            0.009999999776482582,
            0.009999999776482582
        ],
        "Roughness": 0.25
    },
    "Carbon": {
        "DiffuseAlbedo": [
            0.0,
            1.0,
            0.0,
            1.0
        ],
        "FresnelR0": [
            0.009999999776482582,
            0.009999999776482582,
            0.009999999776482582
        ],
        "Roughness": 0.25
    },
    "Flourine": {
        "DiffuseAlbedo": [
            1.0,
            0.5,
            1.0,
            1.0
        ],
        "FresnelR0": [
            0.009999999776482582,
            0.009999999776482582,
            0.009999999776482582
        ],
        "Roughness": 0.25
    },
    "Helium": {
        "DiffuseAlbedo": [
            0.0,
            1.0,
            1.0,
            1.0
        ],
        "FresnelR0": [
            0.009999999776482582,
            0.009999999776482582,
            0.009999999776482582
        ],
        "Roughness": 0.25
    },
    "Hydrogen": {
        "DiffuseAlbedo": [
            0.6872587203979492,
            0.6872587203979492,
            0.6872587203979492,
            1.0
        ],
        "FresnelR0": [
            0.009999999776482582,
            0.009999999776482582,
            0.009999999776482582
        ],
        "Roughness": 0.375
    },
    "Lithium": {
        "DiffuseAlbedo": [
            1.0,
            0.0,
            1.0,
            1.0
        ],
        "FresnelR0": [
            0.009999999776482582,
            0.009999999776482582,
            0.009999999776482582
        ],
        "Roughness": 0.25
    },
    "Neon": {
        "DiffuseAlbedo": [
            0.9189189076423645,
            0.9189189076423645,
            0.07450694590806961,
            1.0
        ],
        "FresnelR0": [
            0.009999999776482582,
            0.009999999776482582,
            0.009999999776482582
        ],
        "Roughness": 0.25
    },
    "Nitrogen": {
        "DiffuseAlbedo": [
            1.0,
            0.0,
            0.0,
            1.0
        ],
        "FresnelR0": [
            0.009999999776482582,
            0.009999999776482582,
            0.009999999776482582
        ],
        "Roughness": 0.25
    },
    "Oxygen": {
        "DiffuseAlbedo": [
            0.5,
            1.0,
            1.0,
            1.0
        ],
        "FresnelR0": [
            0.009999999776482582,
            0.009999999776482582,
            0.009999999776482582
        ],
        "Roughness": 0.25
    }
}
