{
    "Beryllium": {
        "DiffuseAlbedo": [
            1.0,
            1.0,
            0.0,
            1.0
        ],
        "FresnelR0": [
            0.009999999776482582,
            0.009999999776482582,
            0.009999999776482582
        ],
        "Roughness": 0.25
    },
    "Boron": {
        "DiffuseAlbedo": [
            0.0,
            0.0,
            1.0,
            1.0
        ],
        "FresnelR0": [
            0.009999999776482582,
            0.009999999776482582,
            0.009999999776482582
        ],
        "Roughness": 0.25
    },
    "Carbon": {
        "DiffuseAlbedo": [
            0.0,
            1.0,
            0.0,
            1.0
        ],
        "FresnelR0": [
            0.009999999776482582,
            0.009999999776482582,
            0.009999999776482582
        ],
        "Roughness": 0.25
    },
    "Flourine": {
        "DiffuseAlbedo": [
            1.0,
            0.5,
            1.0,
            1.0
        ],
        "FresnelR0": [
            0.009999999776482582,
            0.009999999776482582,
            0.009999999776482582
        ],
        "Roughness": 0.25
    },
    "Helium": {
        "DiffuseAlbedo": [
            0.0,
            1.0,
            1.0,
            1.0
        ],
        "FresnelR0": [
            0.009999999776482582,
            0.009999999776482582,
            0.009999999776482582
        ],
        "Roughness": 0.25
    },
    "Hydrogen": {
        "DiffuseAlbedo": [
            0.1725490242242813,
            0.0,
            1.0,
            1.0
        ],
        "FresnelR0": [
            0.009999999776482582,
            0.009999999776482582,
            0.009999999776482582
        ],
        "Roughness": 0.25
    },
    "Lithium": {
        "DiffuseAlbedo": [
            1.0,
            0.0,
            1.0,
            1.0
        ],
        "FresnelR0": [
            0.009999999776482582,
            0.009999999776482582,
            0.009999999776482582
        ],
        "Roughness": 0.25
    },
    "Neon": {
        "DiffuseAlbedo": [
            1.0,
            1.0,
            0.5,
            1.0
        ],
        "FresnelR0": [
            0.009999999776482582,
            0.009999999776482582,
            0.009999999776482582
        ],
        "Roughness": 0.25
    },
    "Nitrogen": {
        "DiffuseAlbedo": [
            1.0,
            0.0,
            0.0,
            1.0
        ],
        "FresnelR0": [
            0.009999999776482582,
            0.009999999776482582,
            0.009999999776482582
        ],
        "Roughness": 0.25
    },
    "Oxygen": {
        "DiffuseAlbedo": [
            0.5,
            1.0,
            1.0,
            1.0
        ],
        "FresnelR0": [
            0.009999999776482582,
            0.009999999776482582,
            0.009999999776482582
        ],
        "Roughness": 0.25
    }
}
