{
    "Beryllium": {
        "DiffuseAlbedo": [
            1.0,
            1.0,
            0.0,
            1.0
        ],
        "FresnelR0": [
            0.009999999776482582,
            0.009999999776482582,
            0.009999999776482582
        ],
        "Roughness": 0.25
    },
    "Boron": {
        "DiffuseAlbedo": [
            0.0,
            0.0,
            1.0,
            1.0
        ],
        "FresnelR0": [
            0.009999999776482582,
            0.009999999776482582,
            0.009999999776482582
        ],
        "Roughness": 0.25
    },
    "Carbon": {
        "DiffuseAlbedo": [
            0.0,
            1.0,
            0.0,
            1.0
        ],
        "FresnelR0": [
            0.009999999776482582,
            0.009999999776482582,
            0.009999999776482582
        ],
        "Roughness": 0.25
    },
    "Flourine": {
        "DiffuseAlbedo": [
            1.0,
            0.5,
            1.0,
            1.0
        ],
        "FresnelR0": [
            0.009999999776482582,
            0.009999999776482582,
            0.009999999776482582
        ],
        "Roughness": 0.25
    },
    "Helium": {
        "DiffuseAlbedo": [
            0.615686297416687,
            0.6117647290229797,
            1.0,
            1.0
        ],
        "FresnelR0": [
            0.009999999776482582,
            0.009999999776482582,
            0.009999999776482582
        ],
        "Roughness": 0.25
    },
    "Hydrogen": {
        "DiffuseAlbedo": [
            0.0,
            0.686274528503418,
            0.686274528503418,
            1.0
        ],
        "FresnelR0": [
            0.009999999776482582,
            0.009999999776482582,
            0.009999999776482582
        ],
        "Roughness": 0.375
    },
    "Lithium": {
        "DiffuseAlbedo": [
            1.0,
            0.0,
            1.0,
            1.0
        ],
        "FresnelR0": [
            0.009999999776482582,
            0.009999999776482582,
            0.009999999776482582
        ],
        "Roughness": 0.25
    },
    "Neon": {
        "DiffuseAlbedo": [
            0.3803921639919281,
            0.26274511218070984,
            0.658823549747467,
            1.0
        ],
        "FresnelR0": [
            0.009999999776482582,
            0.009999999776482582,
            0.009999999776482582
        ],
        "Roughness": 0.11999999731779099
    },
    "Nitrogen": {
        "DiffuseAlbedo": [
            1.0,
            0.0,
            0.0,
            1.0
        ],
        "FresnelR0": [
            0.009999999776482582,
            0.009999999776482582,
            0.009999999776482582
        ],
        "Roughness": 0.25
    },
    "Oxygen": {
        "DiffuseAlbedo": [
            0.5,
            1.0,
            1.0,
            1.0
        ],
        "FresnelR0": [
            0.009999999776482582,
            0.009999999776482582,
            0.009999999776482582
        ],
        "Roughness": 0.25
    }
}
